fid,profile_id,section_id,orientation,notes,distance,angle
1,P02_LONG,C-C',longitudinal,Main ridge profile,0,212.351971855461
1,P02_LONG,C-C',longitudinal,Main ridge profile,0.1,212.351971855461
1,P02_LONG,C-C',longitudinal,Main ridge profile,0.2,212.351971855461
1,P02_LONG,C-C',longitudinal,Main ridge profile,0.3,212.351971855461
1,P02_LONG,C-C',longitudinal,Main ridge profile,0.4,212.351971855461
1,P02_LONG,C-C',longitudinal,Main ridge profile,0.5,212.351971855461
1,P02_LONG,C-C',longitudinal,Main ridge profile,0.6,212.351971855461
1,P02_LONG,C-C',longitudinal,Main ridge profile,0.7,212.351971855461
1,P02_LONG,C-C',longitudinal,Main ridge profile,0.8,212.351971855461
1,P02_LONG,C-C',longitudinal,Main ridge profile,0.9,212.351971855461
1,P02_LONG,C-C',longitudinal,Main ridge profile,1,212.351971855461
1,P02_LONG,C-C',longitudinal,Main ridge profile,1.1,212.351971855461
1,P02_LONG,C-C',longitudinal,Main ridge profile,1.2,212.351971855461
1,P02_LONG,C-C',longitudinal,Main ridge profile,1.3,212.351971855461
1,P02_LONG,C-C',longitudinal,Main ridge profile,1.4,212.351971855461
1,P02_LONG,C-C',longitudinal,Main ridge profile,1.5,212.351971855461
1,P02_LONG,C-C',longitudinal,Main ridge profile,1.6,212.351971855461
1,P02_LONG,C-C',longitudinal,Main ridge profile,1.7,212.351971855461
1,P02_LONG,C-C',longitudinal,Main ridge profile,1.8,212.351971855461
1,P02_LONG,C-C',longitudinal,Main ridge profile,1.9,212.351971855461
1,P02_LONG,C-C',longitudinal,Main ridge profile,2,212.351971855461
1,P02_LONG,C-C',longitudinal,Main ridge profile,2.1,212.351971855461
1,P02_LONG,C-C',longitudinal,Main ridge profile,2.2,212.351971855461
1,P02_LONG,C-C',longitudinal,Main ridge profile,2.3,212.351971855461
1,P02_LONG,C-C',longitudinal,Main ridge profile,2.4,212.351971855461
1,P02_LONG,C-C',longitudinal,Main ridge profile,2.5,212.351971855461
1,P02_LONG,C-C',longitudinal,Main ridge profile,2.6,212.351971855461
1,P02_LONG,C-C',longitudinal,Main ridge profile,2.7,212.351971855461
1,P02_LONG,C-C',longitudinal,Main ridge profile,2.8,212.351971855461
1,P02_LONG,C-C',longitudinal,Main ridge profile,2.9,212.351971855461
1,P02_LONG,C-C',longitudinal,Main ridge profile,3,212.351971855461
1,P02_LONG,C-C',longitudinal,Main ridge profile,3.1,212.351971855461
1,P02_LONG,C-C',longitudinal,Main ridge profile,3.2,212.351971855461
1,P02_LONG,C-C',longitudinal,Main ridge profile,3.3,212.351971855461
1,P02_LONG,C-C',longitudinal,Main ridge profile,3.4,212.351971855461
1,P02_LONG,C-C',longitudinal,Main ridge profile,3.5,212.351971855461
1,P02_LONG,C-C',longitudinal,Main ridge profile,3.6,212.351971855461
1,P02_LONG,C-C',longitudinal,Main ridge profile,3.7,212.351971855461
1,P02_LONG,C-C',longitudinal,Main ridge profile,3.8,212.351971855461
1,P02_LONG,C-C',longitudinal,Main ridge profile,3.9,212.351971855461
1,P02_LONG,C-C',longitudinal,Main ridge profile,4,212.351971855461
1,P02_LONG,C-C',longitudinal,Main ridge profile,4.1,212.351971855461
1,P02_LONG,C-C',longitudinal,Main ridge profile,4.2,212.351971855461
1,P02_LONG,C-C',longitudinal,Main ridge profile,4.3,212.351971855461
1,P02_LONG,C-C',longitudinal,Main ridge profile,4.4,212.351971855461
1,P02_LONG,C-C',longitudinal,Main ridge profile,4.5,212.351971855461
1,P02_LONG,C-C',longitudinal,Main ridge profile,4.6,212.351971855461
1,P02_LONG,C-C',longitudinal,Main ridge profile,4.7,212.351971855461
1,P02_LONG,C-C',longitudinal,Main ridge profile,4.8,212.351971855461
1,P02_LONG,C-C',longitudinal,Main ridge profile,4.9,212.351971855461
1,P02_LONG,C-C',longitudinal,Main ridge profile,5,212.351971855461
1,P02_LONG,C-C',longitudinal,Main ridge profile,5.1,212.351971855461
1,P02_LONG,C-C',longitudinal,Main ridge profile,5.2,212.351971855461
1,P02_LONG,C-C',longitudinal,Main ridge profile,5.3,212.351971855461
1,P02_LONG,C-C',longitudinal,Main ridge profile,5.4,212.351971855461
1,P02_LONG,C-C',longitudinal,Main ridge profile,5.5,212.351971855461
1,P02_LONG,C-C',longitudinal,Main ridge profile,5.6,212.351971855461
1,P02_LONG,C-C',longitudinal,Main ridge profile,5.7,212.351971855461
1,P02_LONG,C-C',longitudinal,Main ridge profile,5.8,212.351971855461
1,P02_LONG,C-C',longitudinal,Main ridge profile,5.9,212.351971855461
1,P02_LONG,C-C',longitudinal,Main ridge profile,5.99999999999999,212.351971855461
1,P02_LONG,C-C',longitudinal,Main ridge profile,6.09999999999999,212.351971855461
1,P02_LONG,C-C',longitudinal,Main ridge profile,6.19999999999999,212.351971855461
1,P02_LONG,C-C',longitudinal,Main ridge profile,6.29999999999999,212.351971855461
1,P02_LONG,C-C',longitudinal,Main ridge profile,6.39999999999999,212.351971855461
1,P02_LONG,C-C',longitudinal,Main ridge profile,6.49999999999999,212.351971855461
1,P02_LONG,C-C',longitudinal,Main ridge profile,6.59999999999999,212.351971855461
1,P02_LONG,C-C',longitudinal,Main ridge profile,6.69999999999999,212.351971855461
1,P02_LONG,C-C',longitudinal,Main ridge profile,6.79999999999999,212.351971855461
1,P02_LONG,C-C',longitudinal,Main ridge profile,6.89999999999999,212.351971855461
1,P02_LONG,C-C',longitudinal,Main ridge profile,6.99999999999999,212.351971855461
1,P02_LONG,C-C',longitudinal,Main ridge profile,7.09999999999999,212.351971855461
1,P02_LONG,C-C',longitudinal,Main ridge profile,7.19999999999999,212.351971855461
1,P02_LONG,C-C',longitudinal,Main ridge profile,7.29999999999999,212.351971855461
1,P02_LONG,C-C',longitudinal,Main ridge profile,7.39999999999999,212.351971855461
1,P02_LONG,C-C',longitudinal,Main ridge profile,7.49999999999999,212.351971855461
1,P02_LONG,C-C',longitudinal,Main ridge profile,7.59999999999999,212.351971855461
1,P02_LONG,C-C',longitudinal,Main ridge profile,7.69999999999999,212.351971855461
1,P02_LONG,C-C',longitudinal,Main ridge profile,7.79999999999999,212.351971855461
1,P02_LONG,C-C',longitudinal,Main ridge profile,7.89999999999999,212.351971855461
1,P02_LONG,C-C',longitudinal,Main ridge profile,7.99999999999999,212.351971855461
1,P02_LONG,C-C',longitudinal,Main ridge profile,8.09999999999999,212.351971855461
1,P02_LONG,C-C',longitudinal,Main ridge profile,8.19999999999999,212.351971855461
1,P02_LONG,C-C',longitudinal,Main ridge profile,8.29999999999999,212.351971855461
1,P02_LONG,C-C',longitudinal,Main ridge profile,8.39999999999999,212.351971855461
1,P02_LONG,C-C',longitudinal,Main ridge profile,8.49999999999999,212.351971855461
1,P02_LONG,C-C',longitudinal,Main ridge profile,8.59999999999999,212.351971855461
1,P02_LONG,C-C',longitudinal,Main ridge profile,8.69999999999999,212.351971855461
1,P02_LONG,C-C',longitudinal,Main ridge profile,8.79999999999998,212.351971855461
1,P02_LONG,C-C',longitudinal,Main ridge profile,8.89999999999998,212.351971855461
1,P02_LONG,C-C',longitudinal,Main ridge profile,8.99999999999998,212.351971855461
1,P02_LONG,C-C',longitudinal,Main ridge profile,9.09999999999998,212.351971855461
1,P02_LONG,C-C',longitudinal,Main ridge profile,9.19999999999998,212.351971855461
1,P02_LONG,C-C',longitudinal,Main ridge profile,9.29999999999998,212.351971855461
1,P02_LONG,C-C',longitudinal,Main ridge profile,9.39999999999998,212.351971855461
1,P02_LONG,C-C',longitudinal,Main ridge profile,9.49999999999998,212.351971855461
1,P02_LONG,C-C',longitudinal,Main ridge profile,9.59999999999998,212.351971855461
1,P02_LONG,C-C',longitudinal,Main ridge profile,9.69999999999998,212.351971855461
1,P02_LONG,C-C',longitudinal,Main ridge profile,9.79999999999998,212.351971855461
1,P02_LONG,C-C',longitudinal,Main ridge profile,9.89999999999998,212.351971855461
1,P02_LONG,C-C',longitudinal,Main ridge profile,9.99999999999998,212.351971855461
1,P02_LONG,C-C',longitudinal,Main ridge profile,10.1,212.351971855461
1,P02_LONG,C-C',longitudinal,Main ridge profile,10.2,212.351971855461
1,P02_LONG,C-C',longitudinal,Main ridge profile,10.3,212.351971855461
1,P02_LONG,C-C',longitudinal,Main ridge profile,10.4,212.351971855461
1,P02_LONG,C-C',longitudinal,Main ridge profile,10.5,212.351971855461
1,P02_LONG,C-C',longitudinal,Main ridge profile,10.6,212.351971855461
1,P02_LONG,C-C',longitudinal,Main ridge profile,10.7,212.351971855461
1,P02_LONG,C-C',longitudinal,Main ridge profile,10.8,212.351971855461
1,P02_LONG,C-C',longitudinal,Main ridge profile,10.9,212.351971855461
1,P02_LONG,C-C',longitudinal,Main ridge profile,11,212.351971855461
1,P02_LONG,C-C',longitudinal,Main ridge profile,11.1,212.351971855461
1,P02_LONG,C-C',longitudinal,Main ridge profile,11.2,212.351971855461
1,P02_LONG,C-C',longitudinal,Main ridge profile,11.3,212.351971855461
1,P02_LONG,C-C',longitudinal,Main ridge profile,11.4,212.351971855461
1,P02_LONG,C-C',longitudinal,Main ridge profile,11.5,212.351971855461
1,P02_LONG,C-C',longitudinal,Main ridge profile,11.6,212.351971855461
1,P02_LONG,C-C',longitudinal,Main ridge profile,11.7,212.351971855461
1,P02_LONG,C-C',longitudinal,Main ridge profile,11.8,212.351971855461
1,P02_LONG,C-C',longitudinal,Main ridge profile,11.9,212.351971855461
1,P02_LONG,C-C',longitudinal,Main ridge profile,12,212.351971855461
1,P02_LONG,C-C',longitudinal,Main ridge profile,12.1,212.351971855461
1,P02_LONG,C-C',longitudinal,Main ridge profile,12.2,212.351971855461
1,P02_LONG,C-C',longitudinal,Main ridge profile,12.3,212.351971855461
1,P02_LONG,C-C',longitudinal,Main ridge profile,12.4,212.351971855461
1,P02_LONG,C-C',longitudinal,Main ridge profile,12.5,212.351971855461
1,P02_LONG,C-C',longitudinal,Main ridge profile,12.6,212.351971855461
1,P02_LONG,C-C',longitudinal,Main ridge profile,12.7,212.351971855461
1,P02_LONG,C-C',longitudinal,Main ridge profile,12.8,212.351971855461
1,P02_LONG,C-C',longitudinal,Main ridge profile,12.9,212.351971855461
1,P02_LONG,C-C',longitudinal,Main ridge profile,13,212.351971855461
1,P02_LONG,C-C',longitudinal,Main ridge profile,13.1,212.351971855461
1,P02_LONG,C-C',longitudinal,Main ridge profile,13.2,212.351971855461
1,P02_LONG,C-C',longitudinal,Main ridge profile,13.3,212.351971855461
1,P02_LONG,C-C',longitudinal,Main ridge profile,13.4,212.351971855461
1,P02_LONG,C-C',longitudinal,Main ridge profile,13.5,212.351971855461
1,P02_LONG,C-C',longitudinal,Main ridge profile,13.6,212.351971855461
1,P02_LONG,C-C',longitudinal,Main ridge profile,13.7,212.351971855461
1,P02_LONG,C-C',longitudinal,Main ridge profile,13.8,212.351971855461
1,P02_LONG,C-C',longitudinal,Main ridge profile,13.9,212.351971855461
1,P02_LONG,C-C',longitudinal,Main ridge profile,14,212.351971855461
1,P02_LONG,C-C',longitudinal,Main ridge profile,14.1,212.351971855461
1,P02_LONG,C-C',longitudinal,Main ridge profile,14.2,212.351971855461
1,P02_LONG,C-C',longitudinal,Main ridge profile,14.3,212.351971855461
1,P02_LONG,C-C',longitudinal,Main ridge profile,14.4,212.351971855461
1,P02_LONG,C-C',longitudinal,Main ridge profile,14.5,212.351971855461
1,P02_LONG,C-C',longitudinal,Main ridge profile,14.6,212.351971855461
1,P02_LONG,C-C',longitudinal,Main ridge profile,14.7,212.351971855461
1,P02_LONG,C-C',longitudinal,Main ridge profile,14.8,212.351971855461
1,P02_LONG,C-C',longitudinal,Main ridge profile,14.9,212.351971855461
1,P02_LONG,C-C',longitudinal,Main ridge profile,15,212.351971855461
1,P02_LONG,C-C',longitudinal,Main ridge profile,15.1,212.351971855461
1,P02_LONG,C-C',longitudinal,Main ridge profile,15.2,212.351971855461
1,P02_LONG,C-C',longitudinal,Main ridge profile,15.3,212.351971855461
1,P02_LONG,C-C',longitudinal,Main ridge profile,15.4,212.351971855461
1,P02_LONG,C-C',longitudinal,Main ridge profile,15.5,212.351971855461
1,P02_LONG,C-C',longitudinal,Main ridge profile,15.6,212.351971855461
1,P02_LONG,C-C',longitudinal,Main ridge profile,15.7,212.351971855461
1,P02_LONG,C-C',longitudinal,Main ridge profile,15.8,212.351971855461
1,P02_LONG,C-C',longitudinal,Main ridge profile,15.9,212.351971855461
1,P02_LONG,C-C',longitudinal,Main ridge profile,16,212.351971855461
1,P02_LONG,C-C',longitudinal,Main ridge profile,16.1,212.351971855461
1,P02_LONG,C-C',longitudinal,Main ridge profile,16.2,212.351971855461
1,P02_LONG,C-C',longitudinal,Main ridge profile,16.3,212.351971855461
1,P02_LONG,C-C',longitudinal,Main ridge profile,16.4,212.351971855461
1,P02_LONG,C-C',longitudinal,Main ridge profile,16.5,212.351971855461
1,P02_LONG,C-C',longitudinal,Main ridge profile,16.6,212.351971855461
1,P02_LONG,C-C',longitudinal,Main ridge profile,16.7,212.351971855461
1,P02_LONG,C-C',longitudinal,Main ridge profile,16.8,212.351971855461
1,P02_LONG,C-C',longitudinal,Main ridge profile,16.9,212.351971855461
1,P02_LONG,C-C',longitudinal,Main ridge profile,17,212.351971855461
1,P02_LONG,C-C',longitudinal,Main ridge profile,17.1,212.351971855461
1,P02_LONG,C-C',longitudinal,Main ridge profile,17.2,212.351971855461
1,P02_LONG,C-C',longitudinal,Main ridge profile,17.3,212.351971855461
1,P02_LONG,C-C',longitudinal,Main ridge profile,17.4,212.351971855461
1,P02_LONG,C-C',longitudinal,Main ridge profile,17.5,212.351971855461
1,P02_LONG,C-C',longitudinal,Main ridge profile,17.6,212.351971855461
1,P02_LONG,C-C',longitudinal,Main ridge profile,17.7,212.351971855461
1,P02_LONG,C-C',longitudinal,Main ridge profile,17.8,212.351971855461
1,P02_LONG,C-C',longitudinal,Main ridge profile,17.9,212.351971855461
1,P02_LONG,C-C',longitudinal,Main ridge profile,18,212.351971855461
1,P02_LONG,C-C',longitudinal,Main ridge profile,18.1,212.351971855461
1,P02_LONG,C-C',longitudinal,Main ridge profile,18.2,212.351971855461
1,P02_LONG,C-C',longitudinal,Main ridge profile,18.3,212.351971855461
1,P02_LONG,C-C',longitudinal,Main ridge profile,18.4,212.351971855461
1,P02_LONG,C-C',longitudinal,Main ridge profile,18.5,212.351971855461
1,P02_LONG,C-C',longitudinal,Main ridge profile,18.6,212.351971855461
1,P02_LONG,C-C',longitudinal,Main ridge profile,18.7,212.351971855461
1,P02_LONG,C-C',longitudinal,Main ridge profile,18.8,212.351971855461
1,P02_LONG,C-C',longitudinal,Main ridge profile,18.9,212.351971855461
1,P02_LONG,C-C',longitudinal,Main ridge profile,19,212.351971855461
1,P02_LONG,C-C',longitudinal,Main ridge profile,19.1,212.351971855461
1,P02_LONG,C-C',longitudinal,Main ridge profile,19.2,212.351971855461
1,P02_LONG,C-C',longitudinal,Main ridge profile,19.3,212.351971855461
1,P02_LONG,C-C',longitudinal,Main ridge profile,19.4,212.351971855461
1,P02_LONG,C-C',longitudinal,Main ridge profile,19.5,212.351971855461
1,P02_LONG,C-C',longitudinal,Main ridge profile,19.6,212.351971855461
1,P02_LONG,C-C',longitudinal,Main ridge profile,19.7,212.351971855461
1,P02_LONG,C-C',longitudinal,Main ridge profile,19.8,212.351971855461
1,P02_LONG,C-C',longitudinal,Main ridge profile,19.9,212.351971855461
1,P02_LONG,C-C',longitudinal,Main ridge profile,20,212.351971855461
1,P02_LONG,C-C',longitudinal,Main ridge profile,20.1,212.351971855461
1,P02_LONG,C-C',longitudinal,Main ridge profile,20.2,212.351971855461
1,P02_LONG,C-C',longitudinal,Main ridge profile,20.3,212.351971855461
1,P02_LONG,C-C',longitudinal,Main ridge profile,20.4,212.351971855461
1,P02_LONG,C-C',longitudinal,Main ridge profile,20.5,212.351971855461
1,P02_LONG,C-C',longitudinal,Main ridge profile,20.6,212.351971855461
1,P02_LONG,C-C',longitudinal,Main ridge profile,20.7,212.351971855461
1,P02_LONG,C-C',longitudinal,Main ridge profile,20.8,212.351971855461
1,P02_LONG,C-C',longitudinal,Main ridge profile,20.9,212.351971855461
1,P02_LONG,C-C',longitudinal,Main ridge profile,21,212.351971855461
1,P02_LONG,C-C',longitudinal,Main ridge profile,21.1,212.351971855461
1,P02_LONG,C-C',longitudinal,Main ridge profile,21.2,212.351971855461
1,P02_LONG,C-C',longitudinal,Main ridge profile,21.3,212.351971855461
1,P02_LONG,C-C',longitudinal,Main ridge profile,21.4,212.351971855461
1,P02_LONG,C-C',longitudinal,Main ridge profile,21.5,212.351971855461
1,P02_LONG,C-C',longitudinal,Main ridge profile,21.6,212.351971855461
1,P02_LONG,C-C',longitudinal,Main ridge profile,21.7,212.351971855461
1,P02_LONG,C-C',longitudinal,Main ridge profile,21.8,212.351971855461
1,P02_LONG,C-C',longitudinal,Main ridge profile,21.9,212.351971855461
1,P02_LONG,C-C',longitudinal,Main ridge profile,22,212.351971855461
1,P02_LONG,C-C',longitudinal,Main ridge profile,22.1,212.351971855461
1,P02_LONG,C-C',longitudinal,Main ridge profile,22.2,212.351971855461
1,P02_LONG,C-C',longitudinal,Main ridge profile,22.3,212.351971855461
1,P02_LONG,C-C',longitudinal,Main ridge profile,22.4,212.351971855461
1,P02_LONG,C-C',longitudinal,Main ridge profile,22.5,212.351971855461
1,P02_LONG,C-C',longitudinal,Main ridge profile,22.6000000000001,212.351971855461
1,P02_LONG,C-C',longitudinal,Main ridge profile,22.7000000000001,212.351971855461
1,P02_LONG,C-C',longitudinal,Main ridge profile,22.8000000000001,212.351971855461
1,P02_LONG,C-C',longitudinal,Main ridge profile,22.9000000000001,212.351971855461
1,P02_LONG,C-C',longitudinal,Main ridge profile,23.0000000000001,212.351971855461
1,P02_LONG,C-C',longitudinal,Main ridge profile,23.1000000000001,212.351971855461
1,P02_LONG,C-C',longitudinal,Main ridge profile,23.2000000000001,212.351971855461
1,P02_LONG,C-C',longitudinal,Main ridge profile,23.3000000000001,212.351971855461
1,P02_LONG,C-C',longitudinal,Main ridge profile,23.4000000000001,212.351971855461
1,P02_LONG,C-C',longitudinal,Main ridge profile,23.5000000000001,212.351971855461
1,P02_LONG,C-C',longitudinal,Main ridge profile,23.6000000000001,212.351971855461
1,P02_LONG,C-C',longitudinal,Main ridge profile,23.7000000000001,212.351971855461
1,P02_LONG,C-C',longitudinal,Main ridge profile,23.8000000000001,212.351971855461
1,P02_LONG,C-C',longitudinal,Main ridge profile,23.9000000000001,212.351971855461
1,P02_LONG,C-C',longitudinal,Main ridge profile,24.0000000000001,212.351971855461
1,P02_LONG,C-C',longitudinal,Main ridge profile,24.1000000000001,212.351971855461
1,P02_LONG,C-C',longitudinal,Main ridge profile,24.2000000000001,212.351971855461
1,P02_LONG,C-C',longitudinal,Main ridge profile,24.3000000000001,212.351971855461
1,P02_LONG,C-C',longitudinal,Main ridge profile,24.4000000000001,212.351971855461
1,P02_LONG,C-C',longitudinal,Main ridge profile,24.5000000000001,212.351971855461
1,P02_LONG,C-C',longitudinal,Main ridge profile,24.6000000000001,212.351971855461
1,P02_LONG,C-C',longitudinal,Main ridge profile,24.7000000000001,212.351971855461
1,P02_LONG,C-C',longitudinal,Main ridge profile,24.8000000000001,212.351971855461
1,P02_LONG,C-C',longitudinal,Main ridge profile,24.9000000000001,212.351971855461
1,P02_LONG,C-C',longitudinal,Main ridge profile,25.0000000000001,212.351971855461
1,P02_LONG,C-C',longitudinal,Main ridge profile,25.1000000000001,212.351971855461
1,P02_LONG,C-C',longitudinal,Main ridge profile,25.2000000000001,212.351971855461
1,P02_LONG,C-C',longitudinal,Main ridge profile,25.3000000000001,212.351971855461
1,P02_LONG,C-C',longitudinal,Main ridge profile,25.4000000000001,212.351971855461
1,P02_LONG,C-C',longitudinal,Main ridge profile,25.5000000000001,212.351971855461
1,P02_LONG,C-C',longitudinal,Main ridge profile,25.6000000000001,212.351971855461
1,P02_LONG,C-C',longitudinal,Main ridge profile,25.7000000000001,212.351971855461
1,P02_LONG,C-C',longitudinal,Main ridge profile,25.8000000000001,212.351971855461
1,P02_LONG,C-C',longitudinal,Main ridge profile,25.9000000000001,212.351971855461
1,P02_LONG,C-C',longitudinal,Main ridge profile,26.0000000000001,212.351971855461
1,P02_LONG,C-C',longitudinal,Main ridge profile,26.1000000000001,212.351971855461
1,P02_LONG,C-C',longitudinal,Main ridge profile,26.2000000000001,212.351971855461
1,P02_LONG,C-C',longitudinal,Main ridge profile,26.3000000000001,212.351971855461
1,P02_LONG,C-C',longitudinal,Main ridge profile,26.4000000000001,212.351971855461
1,P02_LONG,C-C',longitudinal,Main ridge profile,26.5000000000001,212.351971855461
1,P02_LONG,C-C',longitudinal,Main ridge profile,26.6000000000001,212.351971855461
1,P02_LONG,C-C',longitudinal,Main ridge profile,26.7000000000001,212.351971855461
1,P02_LONG,C-C',longitudinal,Main ridge profile,26.8000000000001,212.351971855461
1,P02_LONG,C-C',longitudinal,Main ridge profile,26.9000000000001,212.351971855461
1,P02_LONG,C-C',longitudinal,Main ridge profile,27.0000000000001,212.351971855461
1,P02_LONG,C-C',longitudinal,Main ridge profile,27.1000000000001,212.351971855461
1,P02_LONG,C-C',longitudinal,Main ridge profile,27.2000000000001,212.351971855461
1,P02_LONG,C-C',longitudinal,Main ridge profile,27.3000000000001,212.351971855461
1,P02_LONG,C-C',longitudinal,Main ridge profile,27.4000000000001,212.351971855461
1,P02_LONG,C-C',longitudinal,Main ridge profile,27.5000000000001,212.351971855461
1,P02_LONG,C-C',longitudinal,Main ridge profile,27.6000000000001,212.351971855461
1,P02_LONG,C-C',longitudinal,Main ridge profile,27.7000000000001,212.351971855461
1,P02_LONG,C-C',longitudinal,Main ridge profile,27.8000000000001,212.351971855461
1,P02_LONG,C-C',longitudinal,Main ridge profile,27.9000000000001,212.351971855461
1,P02_LONG,C-C',longitudinal,Main ridge profile,28.0000000000001,212.351971855461
1,P02_LONG,C-C',longitudinal,Main ridge profile,28.1000000000001,212.351971855461
1,P02_LONG,C-C',longitudinal,Main ridge profile,28.2000000000001,212.351971855461
1,P02_LONG,C-C',longitudinal,Main ridge profile,28.3000000000001,212.351971855461
1,P02_LONG,C-C',longitudinal,Main ridge profile,28.4000000000001,212.351971855461
1,P02_LONG,C-C',longitudinal,Main ridge profile,28.5000000000001,212.351971855461
1,P02_LONG,C-C',longitudinal,Main ridge profile,28.6000000000001,212.351971855461
1,P02_LONG,C-C',longitudinal,Main ridge profile,28.7000000000001,212.351971855461
1,P02_LONG,C-C',longitudinal,Main ridge profile,28.8000000000001,212.351971855461
1,P02_LONG,C-C',longitudinal,Main ridge profile,28.9000000000001,212.351971855461
1,P02_LONG,C-C',longitudinal,Main ridge profile,29.0000000000001,212.351971855461
1,P02_LONG,C-C',longitudinal,Main ridge profile,29.1000000000001,212.351971855461
1,P02_LONG,C-C',longitudinal,Main ridge profile,29.2000000000001,212.351971855461
1,P02_LONG,C-C',longitudinal,Main ridge profile,29.3000000000001,212.351971855461
1,P02_LONG,C-C',longitudinal,Main ridge profile,29.4000000000001,212.351971855461
1,P02_LONG,C-C',longitudinal,Main ridge profile,29.5000000000001,212.351971855461
1,P02_LONG,C-C',longitudinal,Main ridge profile,29.6000000000002,212.351971855461
1,P02_LONG,C-C',longitudinal,Main ridge profile,29.7000000000002,212.351971855461
1,P02_LONG,C-C',longitudinal,Main ridge profile,29.8000000000002,212.351971855461
1,P02_LONG,C-C',longitudinal,Main ridge profile,29.9000000000002,212.351971855461
1,P02_LONG,C-C',longitudinal,Main ridge profile,30.0000000000002,212.351971855461
1,P02_LONG,C-C',longitudinal,Main ridge profile,30.1000000000002,212.351971855461
1,P02_LONG,C-C',longitudinal,Main ridge profile,30.2000000000002,212.351971855461
1,P02_LONG,C-C',longitudinal,Main ridge profile,30.3000000000002,212.351971855461
1,P02_LONG,C-C',longitudinal,Main ridge profile,30.4000000000002,212.351971855461
1,P02_LONG,C-C',longitudinal,Main ridge profile,30.5000000000002,212.351971855461
1,P02_LONG,C-C',longitudinal,Main ridge profile,30.6000000000002,212.351971855461
1,P02_LONG,C-C',longitudinal,Main ridge profile,30.7000000000002,212.351971855461
1,P02_LONG,C-C',longitudinal,Main ridge profile,30.8000000000002,212.351971855461
1,P02_LONG,C-C',longitudinal,Main ridge profile,30.9000000000002,212.351971855461
1,P02_LONG,C-C',longitudinal,Main ridge profile,31.0000000000002,212.351971855461
1,P02_LONG,C-C',longitudinal,Main ridge profile,31.1000000000002,212.351971855461
1,P02_LONG,C-C',longitudinal,Main ridge profile,31.2000000000002,212.351971855461
1,P02_LONG,C-C',longitudinal,Main ridge profile,31.3000000000002,212.351971855461
1,P02_LONG,C-C',longitudinal,Main ridge profile,31.4000000000002,212.351971855461
1,P02_LONG,C-C',longitudinal,Main ridge profile,31.5000000000002,212.351971855461
1,P02_LONG,C-C',longitudinal,Main ridge profile,31.6000000000002,212.351971855461
1,P02_LONG,C-C',longitudinal,Main ridge profile,31.7000000000002,212.351971855461
1,P02_LONG,C-C',longitudinal,Main ridge profile,31.8000000000002,212.351971855461
1,P02_LONG,C-C',longitudinal,Main ridge profile,31.9000000000002,212.351971855461
1,P02_LONG,C-C',longitudinal,Main ridge profile,32.0000000000002,212.351971855461
1,P02_LONG,C-C',longitudinal,Main ridge profile,32.1000000000002,212.351971855461
1,P02_LONG,C-C',longitudinal,Main ridge profile,32.2000000000002,212.351971855461
1,P02_LONG,C-C',longitudinal,Main ridge profile,32.3000000000002,212.351971855461
1,P02_LONG,C-C',longitudinal,Main ridge profile,32.4000000000002,212.351971855461
1,P02_LONG,C-C',longitudinal,Main ridge profile,32.5000000000002,212.351971855461
1,P02_LONG,C-C',longitudinal,Main ridge profile,32.6000000000002,212.351971855461
1,P02_LONG,C-C',longitudinal,Main ridge profile,32.7000000000002,212.351971855461
1,P02_LONG,C-C',longitudinal,Main ridge profile,32.8000000000002,212.351971855461
1,P02_LONG,C-C',longitudinal,Main ridge profile,32.9000000000002,212.351971855461
1,P02_LONG,C-C',longitudinal,Main ridge profile,33.0000000000002,212.351971855461
1,P02_LONG,C-C',longitudinal,Main ridge profile,33.1000000000002,212.351971855461
1,P02_LONG,C-C',longitudinal,Main ridge profile,33.2000000000002,212.351971855461
1,P02_LONG,C-C',longitudinal,Main ridge profile,33.3000000000002,212.351971855461
1,P02_LONG,C-C',longitudinal,Main ridge profile,33.4000000000002,212.351971855461
1,P02_LONG,C-C',longitudinal,Main ridge profile,33.5000000000002,212.351971855461
1,P02_LONG,C-C',longitudinal,Main ridge profile,33.6000000000002,212.351971855461
1,P02_LONG,C-C',longitudinal,Main ridge profile,33.7000000000002,212.351971855461
1,P02_LONG,C-C',longitudinal,Main ridge profile,33.8000000000002,212.351971855461
1,P02_LONG,C-C',longitudinal,Main ridge profile,33.9000000000002,212.351971855461
1,P02_LONG,C-C',longitudinal,Main ridge profile,34.0000000000002,212.351971855461
1,P02_LONG,C-C',longitudinal,Main ridge profile,34.1000000000002,212.351971855461
1,P02_LONG,C-C',longitudinal,Main ridge profile,34.2000000000002,212.351971855461
1,P02_LONG,C-C',longitudinal,Main ridge profile,34.3000000000002,212.351971855461
1,P02_LONG,C-C',longitudinal,Main ridge profile,34.4000000000002,212.351971855461
1,P02_LONG,C-C',longitudinal,Main ridge profile,34.5000000000002,212.351971855461
1,P02_LONG,C-C',longitudinal,Main ridge profile,34.6000000000002,212.351971855461
1,P02_LONG,C-C',longitudinal,Main ridge profile,34.7000000000002,212.351971855461
1,P02_LONG,C-C',longitudinal,Main ridge profile,34.8000000000002,212.351971855461
1,P02_LONG,C-C',longitudinal,Main ridge profile,34.9000000000002,212.351971855461
1,P02_LONG,C-C',longitudinal,Main ridge profile,35.0000000000002,212.351971855461
1,P02_LONG,C-C',longitudinal,Main ridge profile,35.1000000000002,212.351971855461
1,P02_LONG,C-C',longitudinal,Main ridge profile,35.2000000000002,212.351971855461
1,P02_LONG,C-C',longitudinal,Main ridge profile,35.3000000000002,212.351971855461
1,P02_LONG,C-C',longitudinal,Main ridge profile,35.4000000000002,212.351971855461
1,P02_LONG,C-C',longitudinal,Main ridge profile,35.5000000000002,212.351971855461
1,P02_LONG,C-C',longitudinal,Main ridge profile,35.6000000000002,212.351971855461
1,P02_LONG,C-C',longitudinal,Main ridge profile,35.7000000000002,212.351971855461
1,P02_LONG,C-C',longitudinal,Main ridge profile,35.8000000000002,212.351971855461
1,P02_LONG,C-C',longitudinal,Main ridge profile,35.9000000000002,212.351971855461
1,P02_LONG,C-C',longitudinal,Main ridge profile,36.0000000000002,212.351971855461
1,P02_LONG,C-C',longitudinal,Main ridge profile,36.1000000000002,212.351971855461
1,P02_LONG,C-C',longitudinal,Main ridge profile,36.2000000000002,212.351971855461
1,P02_LONG,C-C',longitudinal,Main ridge profile,36.3000000000002,212.351971855461
1,P02_LONG,C-C',longitudinal,Main ridge profile,36.4000000000002,212.351971855461
1,P02_LONG,C-C',longitudinal,Main ridge profile,36.5000000000002,212.351971855461
1,P02_LONG,C-C',longitudinal,Main ridge profile,36.6000000000003,212.351971855461
1,P02_LONG,C-C',longitudinal,Main ridge profile,36.7000000000003,212.351971855461
1,P02_LONG,C-C',longitudinal,Main ridge profile,36.8000000000003,212.351971855461
1,P02_LONG,C-C',longitudinal,Main ridge profile,36.9000000000003,212.351971855461
1,P02_LONG,C-C',longitudinal,Main ridge profile,37.0000000000003,212.351971855461
1,P02_LONG,C-C',longitudinal,Main ridge profile,37.1000000000003,212.351971855461
1,P02_LONG,C-C',longitudinal,Main ridge profile,37.2000000000003,212.351971855461
1,P02_LONG,C-C',longitudinal,Main ridge profile,37.3000000000003,212.351971855461
1,P02_LONG,C-C',longitudinal,Main ridge profile,37.4000000000003,212.351971855461
1,P02_LONG,C-C',longitudinal,Main ridge profile,37.5000000000003,212.351971855461
1,P02_LONG,C-C',longitudinal,Main ridge profile,37.6000000000003,212.351971855461
1,P02_LONG,C-C',longitudinal,Main ridge profile,37.7000000000003,212.351971855461
1,P02_LONG,C-C',longitudinal,Main ridge profile,37.8000000000003,212.351971855461
1,P02_LONG,C-C',longitudinal,Main ridge profile,37.9000000000003,212.351971855461
1,P02_LONG,C-C',longitudinal,Main ridge profile,38.0000000000003,212.351971855461
1,P02_LONG,C-C',longitudinal,Main ridge profile,38.1000000000003,212.351971855461
1,P02_LONG,C-C',longitudinal,Main ridge profile,38.2000000000003,212.351971855461
1,P02_LONG,C-C',longitudinal,Main ridge profile,38.3000000000003,212.351971855461
1,P02_LONG,C-C',longitudinal,Main ridge profile,38.4000000000003,212.351971855461
1,P02_LONG,C-C',longitudinal,Main ridge profile,38.5000000000003,212.351971855461
1,P02_LONG,C-C',longitudinal,Main ridge profile,38.6000000000003,212.351971855461
1,P02_LONG,C-C',longitudinal,Main ridge profile,38.7000000000003,212.351971855461
1,P02_LONG,C-C',longitudinal,Main ridge profile,38.8000000000003,212.351971855461
1,P02_LONG,C-C',longitudinal,Main ridge profile,38.9000000000003,212.351971855461
1,P02_LONG,C-C',longitudinal,Main ridge profile,39.0000000000003,212.351971855461
1,P02_LONG,C-C',longitudinal,Main ridge profile,39.1000000000003,212.351971855461
1,P02_LONG,C-C',longitudinal,Main ridge profile,39.2000000000003,212.351971855461
1,P02_LONG,C-C',longitudinal,Main ridge profile,39.3000000000003,212.351971855461
1,P02_LONG,C-C',longitudinal,Main ridge profile,39.4000000000003,212.351971855461
1,P02_LONG,C-C',longitudinal,Main ridge profile,39.5000000000003,212.351971855461
1,P02_LONG,C-C',longitudinal,Main ridge profile,39.6000000000003,212.351971855461
1,P02_LONG,C-C',longitudinal,Main ridge profile,39.7000000000003,212.351971855461
1,P02_LONG,C-C',longitudinal,Main ridge profile,39.8000000000003,212.351971855461
1,P02_LONG,C-C',longitudinal,Main ridge profile,39.9000000000003,212.351971855461
1,P02_LONG,C-C',longitudinal,Main ridge profile,40.0000000000003,212.351971855461
1,P02_LONG,C-C',longitudinal,Main ridge profile,40.1000000000003,212.351971855461
1,P02_LONG,C-C',longitudinal,Main ridge profile,40.2000000000003,212.351971855461
1,P02_LONG,C-C',longitudinal,Main ridge profile,40.3000000000003,212.351971855461
1,P02_LONG,C-C',longitudinal,Main ridge profile,40.4000000000003,212.351971855461
1,P02_LONG,C-C',longitudinal,Main ridge profile,40.5000000000003,212.351971855461
1,P02_LONG,C-C',longitudinal,Main ridge profile,40.6000000000003,212.351971855461
1,P02_LONG,C-C',longitudinal,Main ridge profile,40.7000000000003,212.351971855461
1,P02_LONG,C-C',longitudinal,Main ridge profile,40.8000000000003,212.351971855461
1,P02_LONG,C-C',longitudinal,Main ridge profile,40.9000000000003,212.351971855461
1,P02_LONG,C-C',longitudinal,Main ridge profile,41.0000000000003,212.351971855461
1,P02_LONG,C-C',longitudinal,Main ridge profile,41.1000000000003,212.351971855461
1,P02_LONG,C-C',longitudinal,Main ridge profile,41.2000000000003,212.351971855461
1,P02_LONG,C-C',longitudinal,Main ridge profile,41.3000000000003,212.351971855461
1,P02_LONG,C-C',longitudinal,Main ridge profile,41.4000000000003,212.351971855461
1,P02_LONG,C-C',longitudinal,Main ridge profile,41.5000000000003,212.351971855461
1,P02_LONG,C-C',longitudinal,Main ridge profile,41.6000000000003,212.351971855461
1,P02_LONG,C-C',longitudinal,Main ridge profile,41.7000000000003,212.351971855461
1,P02_LONG,C-C',longitudinal,Main ridge profile,41.8000000000003,212.351971855461
2,P02_CROSS,D-D',transverse,Broad cross-pile profile,0,261.469234390053
2,P02_CROSS,D-D',transverse,Broad cross-pile profile,0.1,261.469234390053
2,P02_CROSS,D-D',transverse,Broad cross-pile profile,0.2,261.469234390053
2,P02_CROSS,D-D',transverse,Broad cross-pile profile,0.3,261.469234390053
2,P02_CROSS,D-D',transverse,Broad cross-pile profile,0.4,261.469234390053
2,P02_CROSS,D-D',transverse,Broad cross-pile profile,0.5,261.469234390053
2,P02_CROSS,D-D',transverse,Broad cross-pile profile,0.6,261.469234390053
2,P02_CROSS,D-D',transverse,Broad cross-pile profile,0.7,261.469234390053
2,P02_CROSS,D-D',transverse,Broad cross-pile profile,0.8,261.469234390053
2,P02_CROSS,D-D',transverse,Broad cross-pile profile,0.9,261.469234390053
2,P02_CROSS,D-D',transverse,Broad cross-pile profile,1,261.469234390053
2,P02_CROSS,D-D',transverse,Broad cross-pile profile,1.1,261.469234390053
2,P02_CROSS,D-D',transverse,Broad cross-pile profile,1.2,261.469234390053
2,P02_CROSS,D-D',transverse,Broad cross-pile profile,1.3,261.469234390053
2,P02_CROSS,D-D',transverse,Broad cross-pile profile,1.4,261.469234390053
2,P02_CROSS,D-D',transverse,Broad cross-pile profile,1.5,261.469234390053
2,P02_CROSS,D-D',transverse,Broad cross-pile profile,1.6,261.469234390053
2,P02_CROSS,D-D',transverse,Broad cross-pile profile,1.7,261.469234390053
2,P02_CROSS,D-D',transverse,Broad cross-pile profile,1.8,261.469234390053
2,P02_CROSS,D-D',transverse,Broad cross-pile profile,1.9,261.469234390053
2,P02_CROSS,D-D',transverse,Broad cross-pile profile,2,261.469234390053
2,P02_CROSS,D-D',transverse,Broad cross-pile profile,2.1,261.469234390053
2,P02_CROSS,D-D',transverse,Broad cross-pile profile,2.2,261.469234390053
2,P02_CROSS,D-D',transverse,Broad cross-pile profile,2.3,261.469234390053
2,P02_CROSS,D-D',transverse,Broad cross-pile profile,2.4,261.469234390053
2,P02_CROSS,D-D',transverse,Broad cross-pile profile,2.5,261.469234390053
2,P02_CROSS,D-D',transverse,Broad cross-pile profile,2.6,261.469234390053
2,P02_CROSS,D-D',transverse,Broad cross-pile profile,2.7,261.469234390053
2,P02_CROSS,D-D',transverse,Broad cross-pile profile,2.8,261.469234390053
2,P02_CROSS,D-D',transverse,Broad cross-pile profile,2.9,261.469234390053
2,P02_CROSS,D-D',transverse,Broad cross-pile profile,3,261.469234390053
2,P02_CROSS,D-D',transverse,Broad cross-pile profile,3.1,261.469234390053
2,P02_CROSS,D-D',transverse,Broad cross-pile profile,3.2,261.469234390053
2,P02_CROSS,D-D',transverse,Broad cross-pile profile,3.3,261.469234390053
2,P02_CROSS,D-D',transverse,Broad cross-pile profile,3.4,261.469234390053
2,P02_CROSS,D-D',transverse,Broad cross-pile profile,3.5,261.469234390053
2,P02_CROSS,D-D',transverse,Broad cross-pile profile,3.6,261.469234390053
2,P02_CROSS,D-D',transverse,Broad cross-pile profile,3.7,261.469234390053
2,P02_CROSS,D-D',transverse,Broad cross-pile profile,3.8,261.469234390053
2,P02_CROSS,D-D',transverse,Broad cross-pile profile,3.9,261.469234390053
2,P02_CROSS,D-D',transverse,Broad cross-pile profile,4,261.469234390053
2,P02_CROSS,D-D',transverse,Broad cross-pile profile,4.1,261.469234390053
2,P02_CROSS,D-D',transverse,Broad cross-pile profile,4.2,261.469234390053
2,P02_CROSS,D-D',transverse,Broad cross-pile profile,4.3,261.469234390053
2,P02_CROSS,D-D',transverse,Broad cross-pile profile,4.4,261.469234390053
2,P02_CROSS,D-D',transverse,Broad cross-pile profile,4.5,261.469234390053
2,P02_CROSS,D-D',transverse,Broad cross-pile profile,4.6,261.469234390053
2,P02_CROSS,D-D',transverse,Broad cross-pile profile,4.7,261.469234390053
2,P02_CROSS,D-D',transverse,Broad cross-pile profile,4.8,261.469234390053
2,P02_CROSS,D-D',transverse,Broad cross-pile profile,4.9,261.469234390053
2,P02_CROSS,D-D',transverse,Broad cross-pile profile,5,261.469234390053
2,P02_CROSS,D-D',transverse,Broad cross-pile profile,5.1,261.469234390053
2,P02_CROSS,D-D',transverse,Broad cross-pile profile,5.2,261.469234390053
2,P02_CROSS,D-D',transverse,Broad cross-pile profile,5.3,261.469234390053
2,P02_CROSS,D-D',transverse,Broad cross-pile profile,5.4,261.469234390053
2,P02_CROSS,D-D',transverse,Broad cross-pile profile,5.5,261.469234390053
2,P02_CROSS,D-D',transverse,Broad cross-pile profile,5.6,261.469234390053
2,P02_CROSS,D-D',transverse,Broad cross-pile profile,5.7,261.469234390053
2,P02_CROSS,D-D',transverse,Broad cross-pile profile,5.8,261.469234390053
2,P02_CROSS,D-D',transverse,Broad cross-pile profile,5.9,261.469234390053
2,P02_CROSS,D-D',transverse,Broad cross-pile profile,5.99999999999999,261.469234390053
2,P02_CROSS,D-D',transverse,Broad cross-pile profile,6.09999999999999,261.469234390053
2,P02_CROSS,D-D',transverse,Broad cross-pile profile,6.19999999999999,261.469234390053
2,P02_CROSS,D-D',transverse,Broad cross-pile profile,6.29999999999999,261.469234390053
2,P02_CROSS,D-D',transverse,Broad cross-pile profile,6.39999999999999,261.469234390053
2,P02_CROSS,D-D',transverse,Broad cross-pile profile,6.49999999999999,261.469234390053
2,P02_CROSS,D-D',transverse,Broad cross-pile profile,6.59999999999999,261.469234390053
2,P02_CROSS,D-D',transverse,Broad cross-pile profile,6.69999999999999,261.469234390053
2,P02_CROSS,D-D',transverse,Broad cross-pile profile,6.79999999999999,261.469234390053
2,P02_CROSS,D-D',transverse,Broad cross-pile profile,6.89999999999999,261.469234390053
2,P02_CROSS,D-D',transverse,Broad cross-pile profile,6.99999999999999,261.469234390053
2,P02_CROSS,D-D',transverse,Broad cross-pile profile,7.09999999999999,261.469234390053
2,P02_CROSS,D-D',transverse,Broad cross-pile profile,7.19999999999999,261.469234390053
2,P02_CROSS,D-D',transverse,Broad cross-pile profile,7.29999999999999,261.469234390053
2,P02_CROSS,D-D',transverse,Broad cross-pile profile,7.39999999999999,261.469234390053
2,P02_CROSS,D-D',transverse,Broad cross-pile profile,7.49999999999999,261.469234390053
2,P02_CROSS,D-D',transverse,Broad cross-pile profile,7.59999999999999,261.469234390053
2,P02_CROSS,D-D',transverse,Broad cross-pile profile,7.69999999999999,261.469234390053
2,P02_CROSS,D-D',transverse,Broad cross-pile profile,7.79999999999999,261.469234390053
2,P02_CROSS,D-D',transverse,Broad cross-pile profile,7.89999999999999,261.469234390053
2,P02_CROSS,D-D',transverse,Broad cross-pile profile,7.99999999999999,261.469234390053
2,P02_CROSS,D-D',transverse,Broad cross-pile profile,8.09999999999999,261.469234390053
2,P02_CROSS,D-D',transverse,Broad cross-pile profile,8.19999999999999,261.469234390053
2,P02_CROSS,D-D',transverse,Broad cross-pile profile,8.29999999999999,261.469234390053
2,P02_CROSS,D-D',transverse,Broad cross-pile profile,8.39999999999999,261.469234390053
2,P02_CROSS,D-D',transverse,Broad cross-pile profile,8.49999999999999,261.469234390053
2,P02_CROSS,D-D',transverse,Broad cross-pile profile,8.59999999999999,261.469234390053
2,P02_CROSS,D-D',transverse,Broad cross-pile profile,8.69999999999999,261.469234390053
2,P02_CROSS,D-D',transverse,Broad cross-pile profile,8.79999999999998,261.469234390053
2,P02_CROSS,D-D',transverse,Broad cross-pile profile,8.89999999999998,261.469234390053
2,P02_CROSS,D-D',transverse,Broad cross-pile profile,8.99999999999998,261.469234390053
2,P02_CROSS,D-D',transverse,Broad cross-pile profile,9.09999999999998,261.469234390053
2,P02_CROSS,D-D',transverse,Broad cross-pile profile,9.19999999999998,261.469234390053
2,P02_CROSS,D-D',transverse,Broad cross-pile profile,9.29999999999998,261.469234390053
2,P02_CROSS,D-D',transverse,Broad cross-pile profile,9.39999999999998,261.469234390053
2,P02_CROSS,D-D',transverse,Broad cross-pile profile,9.49999999999998,261.469234390053
2,P02_CROSS,D-D',transverse,Broad cross-pile profile,9.59999999999998,261.469234390053
2,P02_CROSS,D-D',transverse,Broad cross-pile profile,9.69999999999998,261.469234390053
2,P02_CROSS,D-D',transverse,Broad cross-pile profile,9.79999999999998,261.469234390053
2,P02_CROSS,D-D',transverse,Broad cross-pile profile,9.89999999999998,261.469234390053
2,P02_CROSS,D-D',transverse,Broad cross-pile profile,9.99999999999998,261.469234390053
2,P02_CROSS,D-D',transverse,Broad cross-pile profile,10.1,261.469234390053
2,P02_CROSS,D-D',transverse,Broad cross-pile profile,10.2,261.469234390053
2,P02_CROSS,D-D',transverse,Broad cross-pile profile,10.3,261.469234390053
2,P02_CROSS,D-D',transverse,Broad cross-pile profile,10.4,261.469234390053
2,P02_CROSS,D-D',transverse,Broad cross-pile profile,10.5,261.469234390053
2,P02_CROSS,D-D',transverse,Broad cross-pile profile,10.6,261.469234390053
2,P02_CROSS,D-D',transverse,Broad cross-pile profile,10.7,261.469234390053
2,P02_CROSS,D-D',transverse,Broad cross-pile profile,10.8,261.469234390053
2,P02_CROSS,D-D',transverse,Broad cross-pile profile,10.9,261.469234390053
2,P02_CROSS,D-D',transverse,Broad cross-pile profile,11,261.469234390053
2,P02_CROSS,D-D',transverse,Broad cross-pile profile,11.1,261.469234390053
2,P02_CROSS,D-D',transverse,Broad cross-pile profile,11.2,261.469234390053
2,P02_CROSS,D-D',transverse,Broad cross-pile profile,11.3,261.469234390053
2,P02_CROSS,D-D',transverse,Broad cross-pile profile,11.4,261.469234390053
2,P02_CROSS,D-D',transverse,Broad cross-pile profile,11.5,261.469234390053
2,P02_CROSS,D-D',transverse,Broad cross-pile profile,11.6,261.469234390053
2,P02_CROSS,D-D',transverse,Broad cross-pile profile,11.7,261.469234390053
2,P02_CROSS,D-D',transverse,Broad cross-pile profile,11.8,261.469234390053
2,P02_CROSS,D-D',transverse,Broad cross-pile profile,11.9,261.469234390053
2,P02_CROSS,D-D',transverse,Broad cross-pile profile,12,261.469234390053
2,P02_CROSS,D-D',transverse,Broad cross-pile profile,12.1,261.469234390053
2,P02_CROSS,D-D',transverse,Broad cross-pile profile,12.2,261.469234390053
2,P02_CROSS,D-D',transverse,Broad cross-pile profile,12.3,261.469234390053
2,P02_CROSS,D-D',transverse,Broad cross-pile profile,12.4,261.469234390053
2,P02_CROSS,D-D',transverse,Broad cross-pile profile,12.5,261.469234390053
2,P02_CROSS,D-D',transverse,Broad cross-pile profile,12.6,261.469234390053
2,P02_CROSS,D-D',transverse,Broad cross-pile profile,12.7,261.469234390053
2,P02_CROSS,D-D',transverse,Broad cross-pile profile,12.8,261.469234390053
2,P02_CROSS,D-D',transverse,Broad cross-pile profile,12.9,261.469234390053
2,P02_CROSS,D-D',transverse,Broad cross-pile profile,13,261.469234390053
2,P02_CROSS,D-D',transverse,Broad cross-pile profile,13.1,261.469234390053
2,P02_CROSS,D-D',transverse,Broad cross-pile profile,13.2,261.469234390053
2,P02_CROSS,D-D',transverse,Broad cross-pile profile,13.3,261.469234390053
2,P02_CROSS,D-D',transverse,Broad cross-pile profile,13.4,261.469234390053
2,P02_CROSS,D-D',transverse,Broad cross-pile profile,13.5,261.469234390053
2,P02_CROSS,D-D',transverse,Broad cross-pile profile,13.6,261.469234390053
2,P02_CROSS,D-D',transverse,Broad cross-pile profile,13.7,261.469234390053
2,P02_CROSS,D-D',transverse,Broad cross-pile profile,13.8,261.469234390053
2,P02_CROSS,D-D',transverse,Broad cross-pile profile,13.9,261.469234390053
2,P02_CROSS,D-D',transverse,Broad cross-pile profile,14,261.469234390053
2,P02_CROSS,D-D',transverse,Broad cross-pile profile,14.1,261.469234390053
2,P02_CROSS,D-D',transverse,Broad cross-pile profile,14.2,261.469234390053
2,P02_CROSS,D-D',transverse,Broad cross-pile profile,14.3,261.469234390053
2,P02_CROSS,D-D',transverse,Broad cross-pile profile,14.4,261.469234390053
2,P02_CROSS,D-D',transverse,Broad cross-pile profile,14.5,261.469234390053
2,P02_CROSS,D-D',transverse,Broad cross-pile profile,14.6,261.469234390053
2,P02_CROSS,D-D',transverse,Broad cross-pile profile,14.7,261.469234390053
2,P02_CROSS,D-D',transverse,Broad cross-pile profile,14.8,261.469234390053
2,P02_CROSS,D-D',transverse,Broad cross-pile profile,14.9,261.469234390053
2,P02_CROSS,D-D',transverse,Broad cross-pile profile,15,261.469234390053
2,P02_CROSS,D-D',transverse,Broad cross-pile profile,15.1,261.469234390053
2,P02_CROSS,D-D',transverse,Broad cross-pile profile,15.2,261.469234390053
2,P02_CROSS,D-D',transverse,Broad cross-pile profile,15.3,261.469234390053
2,P02_CROSS,D-D',transverse,Broad cross-pile profile,15.4,261.469234390053
2,P02_CROSS,D-D',transverse,Broad cross-pile profile,15.5,261.469234390053
2,P02_CROSS,D-D',transverse,Broad cross-pile profile,15.6,261.469234390053
2,P02_CROSS,D-D',transverse,Broad cross-pile profile,15.7,261.469234390053
2,P02_CROSS,D-D',transverse,Broad cross-pile profile,15.8,261.469234390053
2,P02_CROSS,D-D',transverse,Broad cross-pile profile,15.9,261.469234390053
2,P02_CROSS,D-D',transverse,Broad cross-pile profile,16,261.469234390053
2,P02_CROSS,D-D',transverse,Broad cross-pile profile,16.1,261.469234390053
2,P02_CROSS,D-D',transverse,Broad cross-pile profile,16.2,261.469234390053
2,P02_CROSS,D-D',transverse,Broad cross-pile profile,16.3,261.469234390053
2,P02_CROSS,D-D',transverse,Broad cross-pile profile,16.4,261.469234390053
2,P02_CROSS,D-D',transverse,Broad cross-pile profile,16.5,261.469234390053
2,P02_CROSS,D-D',transverse,Broad cross-pile profile,16.6,261.469234390053
2,P02_CROSS,D-D',transverse,Broad cross-pile profile,16.7,261.469234390053
2,P02_CROSS,D-D',transverse,Broad cross-pile profile,16.8,261.469234390053
2,P02_CROSS,D-D',transverse,Broad cross-pile profile,16.9,261.469234390053
2,P02_CROSS,D-D',transverse,Broad cross-pile profile,17,261.469234390053
2,P02_CROSS,D-D',transverse,Broad cross-pile profile,17.1,261.469234390053
2,P02_CROSS,D-D',transverse,Broad cross-pile profile,17.2,261.469234390053
2,P02_CROSS,D-D',transverse,Broad cross-pile profile,17.3,261.469234390053
2,P02_CROSS,D-D',transverse,Broad cross-pile profile,17.4,261.469234390053
2,P02_CROSS,D-D',transverse,Broad cross-pile profile,17.5,261.469234390053
2,P02_CROSS,D-D',transverse,Broad cross-pile profile,17.6,261.469234390053
2,P02_CROSS,D-D',transverse,Broad cross-pile profile,17.7,261.469234390053
2,P02_CROSS,D-D',transverse,Broad cross-pile profile,17.8,261.469234390053
2,P02_CROSS,D-D',transverse,Broad cross-pile profile,17.9,261.469234390053
2,P02_CROSS,D-D',transverse,Broad cross-pile profile,18,261.469234390053
2,P02_CROSS,D-D',transverse,Broad cross-pile profile,18.1,261.469234390053
2,P02_CROSS,D-D',transverse,Broad cross-pile profile,18.2,261.469234390053
2,P02_CROSS,D-D',transverse,Broad cross-pile profile,18.3,261.469234390053
2,P02_CROSS,D-D',transverse,Broad cross-pile profile,18.4,261.469234390053
2,P02_CROSS,D-D',transverse,Broad cross-pile profile,18.5,261.469234390053
2,P02_CROSS,D-D',transverse,Broad cross-pile profile,18.6,261.469234390053
2,P02_CROSS,D-D',transverse,Broad cross-pile profile,18.7,261.469234390053
2,P02_CROSS,D-D',transverse,Broad cross-pile profile,18.8,261.469234390053
2,P02_CROSS,D-D',transverse,Broad cross-pile profile,18.9,261.469234390053
2,P02_CROSS,D-D',transverse,Broad cross-pile profile,19,261.469234390053
2,P02_CROSS,D-D',transverse,Broad cross-pile profile,19.1,261.469234390053
2,P02_CROSS,D-D',transverse,Broad cross-pile profile,19.2,261.469234390053
2,P02_CROSS,D-D',transverse,Broad cross-pile profile,19.3,261.469234390053
2,P02_CROSS,D-D',transverse,Broad cross-pile profile,19.4,261.469234390053
2,P02_CROSS,D-D',transverse,Broad cross-pile profile,19.5,261.469234390053
2,P02_CROSS,D-D',transverse,Broad cross-pile profile,19.6,261.469234390053
2,P02_CROSS,D-D',transverse,Broad cross-pile profile,19.7,261.469234390053
2,P02_CROSS,D-D',transverse,Broad cross-pile profile,19.8,261.469234390053
2,P02_CROSS,D-D',transverse,Broad cross-pile profile,19.9,261.469234390053
2,P02_CROSS,D-D',transverse,Broad cross-pile profile,20,261.469234390053
2,P02_CROSS,D-D',transverse,Broad cross-pile profile,20.1,261.469234390053
2,P02_CROSS,D-D',transverse,Broad cross-pile profile,20.2,261.469234390053
2,P02_CROSS,D-D',transverse,Broad cross-pile profile,20.3,261.469234390053
2,P02_CROSS,D-D',transverse,Broad cross-pile profile,20.4,261.469234390053
2,P02_CROSS,D-D',transverse,Broad cross-pile profile,20.5,261.469234390053
2,P02_CROSS,D-D',transverse,Broad cross-pile profile,20.6,261.469234390053
2,P02_CROSS,D-D',transverse,Broad cross-pile profile,20.7,261.469234390053
2,P02_CROSS,D-D',transverse,Broad cross-pile profile,20.8,261.469234390053
2,P02_CROSS,D-D',transverse,Broad cross-pile profile,20.9,261.469234390053
2,P02_CROSS,D-D',transverse,Broad cross-pile profile,21,261.469234390053
2,P02_CROSS,D-D',transverse,Broad cross-pile profile,21.1,261.469234390053
2,P02_CROSS,D-D',transverse,Broad cross-pile profile,21.2,261.469234390053
2,P02_CROSS,D-D',transverse,Broad cross-pile profile,21.3,261.469234390053
2,P02_CROSS,D-D',transverse,Broad cross-pile profile,21.4,261.469234390053
2,P02_CROSS,D-D',transverse,Broad cross-pile profile,21.5,261.469234390053
2,P02_CROSS,D-D',transverse,Broad cross-pile profile,21.6,261.469234390053
2,P02_CROSS,D-D',transverse,Broad cross-pile profile,21.7,261.469234390053
2,P02_CROSS,D-D',transverse,Broad cross-pile profile,21.8,261.469234390053
2,P02_CROSS,D-D',transverse,Broad cross-pile profile,21.9,261.469234390053
2,P02_CROSS,D-D',transverse,Broad cross-pile profile,22,261.469234390053
2,P02_CROSS,D-D',transverse,Broad cross-pile profile,22.1,261.469234390053
2,P02_CROSS,D-D',transverse,Broad cross-pile profile,22.2,261.469234390053
2,P02_CROSS,D-D',transverse,Broad cross-pile profile,22.3,261.469234390053
2,P02_CROSS,D-D',transverse,Broad cross-pile profile,22.4,261.469234390053
2,P02_CROSS,D-D',transverse,Broad cross-pile profile,22.5,261.469234390053
2,P02_CROSS,D-D',transverse,Broad cross-pile profile,22.6000000000001,261.469234390053
2,P02_CROSS,D-D',transverse,Broad cross-pile profile,22.7000000000001,261.469234390053
2,P02_CROSS,D-D',transverse,Broad cross-pile profile,22.8000000000001,261.469234390053
2,P02_CROSS,D-D',transverse,Broad cross-pile profile,22.9000000000001,261.469234390053
2,P02_CROSS,D-D',transverse,Broad cross-pile profile,23.0000000000001,261.469234390053
2,P02_CROSS,D-D',transverse,Broad cross-pile profile,23.1000000000001,261.469234390053
2,P02_CROSS,D-D',transverse,Broad cross-pile profile,23.2000000000001,261.469234390053
2,P02_CROSS,D-D',transverse,Broad cross-pile profile,23.3000000000001,261.469234390053
2,P02_CROSS,D-D',transverse,Broad cross-pile profile,23.4000000000001,261.469234390053
2,P02_CROSS,D-D',transverse,Broad cross-pile profile,23.5000000000001,261.469234390053
2,P02_CROSS,D-D',transverse,Broad cross-pile profile,23.6000000000001,261.469234390053
2,P02_CROSS,D-D',transverse,Broad cross-pile profile,23.7000000000001,261.469234390053
2,P02_CROSS,D-D',transverse,Broad cross-pile profile,23.8000000000001,261.469234390053
2,P02_CROSS,D-D',transverse,Broad cross-pile profile,23.9000000000001,261.469234390053
2,P02_CROSS,D-D',transverse,Broad cross-pile profile,24.0000000000001,261.469234390053
2,P02_CROSS,D-D',transverse,Broad cross-pile profile,24.1000000000001,261.469234390053
2,P02_CROSS,D-D',transverse,Broad cross-pile profile,24.2000000000001,261.469234390053
2,P02_CROSS,D-D',transverse,Broad cross-pile profile,24.3000000000001,261.469234390053
2,P02_CROSS,D-D',transverse,Broad cross-pile profile,24.4000000000001,261.469234390053
2,P02_CROSS,D-D',transverse,Broad cross-pile profile,24.5000000000001,261.469234390053
2,P02_CROSS,D-D',transverse,Broad cross-pile profile,24.6000000000001,261.469234390053
2,P02_CROSS,D-D',transverse,Broad cross-pile profile,24.7000000000001,261.469234390053
2,P02_CROSS,D-D',transverse,Broad cross-pile profile,24.8000000000001,261.469234390053
2,P02_CROSS,D-D',transverse,Broad cross-pile profile,24.9000000000001,261.469234390053
2,P02_CROSS,D-D',transverse,Broad cross-pile profile,25.0000000000001,261.469234390053
2,P02_CROSS,D-D',transverse,Broad cross-pile profile,25.1000000000001,261.469234390053
2,P02_CROSS,D-D',transverse,Broad cross-pile profile,25.2000000000001,261.469234390053
2,P02_CROSS,D-D',transverse,Broad cross-pile profile,25.3000000000001,261.469234390053
2,P02_CROSS,D-D',transverse,Broad cross-pile profile,25.4000000000001,261.469234390053
2,P02_CROSS,D-D',transverse,Broad cross-pile profile,25.5000000000001,261.469234390053
2,P02_CROSS,D-D',transverse,Broad cross-pile profile,25.6000000000001,261.469234390053
2,P02_CROSS,D-D',transverse,Broad cross-pile profile,25.7000000000001,261.469234390053
2,P02_CROSS,D-D',transverse,Broad cross-pile profile,25.8000000000001,261.469234390053
2,P02_CROSS,D-D',transverse,Broad cross-pile profile,25.9000000000001,261.469234390053
2,P02_CROSS,D-D',transverse,Broad cross-pile profile,26.0000000000001,261.469234390053
2,P02_CROSS,D-D',transverse,Broad cross-pile profile,26.1000000000001,261.469234390053
2,P02_CROSS,D-D',transverse,Broad cross-pile profile,26.2000000000001,261.469234390053
2,P02_CROSS,D-D',transverse,Broad cross-pile profile,26.3000000000001,261.469234390053
2,P02_CROSS,D-D',transverse,Broad cross-pile profile,26.4000000000001,261.469234390053
2,P02_CROSS,D-D',transverse,Broad cross-pile profile,26.5000000000001,261.469234390053
2,P02_CROSS,D-D',transverse,Broad cross-pile profile,26.6000000000001,261.469234390053
2,P02_CROSS,D-D',transverse,Broad cross-pile profile,26.7000000000001,261.469234390053
2,P02_CROSS,D-D',transverse,Broad cross-pile profile,26.8000000000001,261.469234390053
2,P02_CROSS,D-D',transverse,Broad cross-pile profile,26.9000000000001,261.469234390053
2,P02_CROSS,D-D',transverse,Broad cross-pile profile,27.0000000000001,261.469234390053
2,P02_CROSS,D-D',transverse,Broad cross-pile profile,27.1000000000001,261.469234390053
2,P02_CROSS,D-D',transverse,Broad cross-pile profile,27.2000000000001,261.469234390053
2,P02_CROSS,D-D',transverse,Broad cross-pile profile,27.3000000000001,261.469234390053
2,P02_CROSS,D-D',transverse,Broad cross-pile profile,27.4000000000001,261.469234390053
2,P02_CROSS,D-D',transverse,Broad cross-pile profile,27.5000000000001,261.469234390053
2,P02_CROSS,D-D',transverse,Broad cross-pile profile,27.6000000000001,261.469234390053
2,P02_CROSS,D-D',transverse,Broad cross-pile profile,27.7000000000001,261.469234390053
2,P02_CROSS,D-D',transverse,Broad cross-pile profile,27.8000000000001,261.469234390053
2,P02_CROSS,D-D',transverse,Broad cross-pile profile,27.9000000000001,261.469234390053
2,P02_CROSS,D-D',transverse,Broad cross-pile profile,28.0000000000001,261.469234390053
2,P02_CROSS,D-D',transverse,Broad cross-pile profile,28.1000000000001,261.469234390053
2,P02_CROSS,D-D',transverse,Broad cross-pile profile,28.2000000000001,261.469234390053
2,P02_CROSS,D-D',transverse,Broad cross-pile profile,28.3000000000001,261.469234390053
2,P02_CROSS,D-D',transverse,Broad cross-pile profile,28.4000000000001,261.469234390053
2,P02_CROSS,D-D',transverse,Broad cross-pile profile,28.5000000000001,261.469234390053
2,P02_CROSS,D-D',transverse,Broad cross-pile profile,28.6000000000001,261.469234390053
2,P02_CROSS,D-D',transverse,Broad cross-pile profile,28.7000000000001,261.469234390053
2,P02_CROSS,D-D',transverse,Broad cross-pile profile,28.8000000000001,261.469234390053
2,P02_CROSS,D-D',transverse,Broad cross-pile profile,28.9000000000001,261.469234390053
2,P02_CROSS,D-D',transverse,Broad cross-pile profile,29.0000000000001,261.469234390053
2,P02_CROSS,D-D',transverse,Broad cross-pile profile,29.1000000000001,261.469234390053
2,P02_CROSS,D-D',transverse,Broad cross-pile profile,29.2000000000001,261.469234390053
2,P02_CROSS,D-D',transverse,Broad cross-pile profile,29.3000000000001,261.469234390053
2,P02_CROSS,D-D',transverse,Broad cross-pile profile,29.4000000000001,261.469234390053
2,P02_CROSS,D-D',transverse,Broad cross-pile profile,29.5000000000001,261.469234390053
2,P02_CROSS,D-D',transverse,Broad cross-pile profile,29.6000000000002,261.469234390053
2,P02_CROSS,D-D',transverse,Broad cross-pile profile,29.7000000000002,261.469234390053
2,P02_CROSS,D-D',transverse,Broad cross-pile profile,29.8000000000002,261.469234390053
2,P02_CROSS,D-D',transverse,Broad cross-pile profile,29.9000000000002,261.469234390053
2,P02_CROSS,D-D',transverse,Broad cross-pile profile,30.0000000000002,261.469234390053
2,P02_CROSS,D-D',transverse,Broad cross-pile profile,30.1000000000002,261.469234390053
2,P02_CROSS,D-D',transverse,Broad cross-pile profile,30.2000000000002,261.469234390053
2,P02_CROSS,D-D',transverse,Broad cross-pile profile,30.3000000000002,261.469234390053
2,P02_CROSS,D-D',transverse,Broad cross-pile profile,30.4000000000002,261.469234390053
2,P02_CROSS,D-D',transverse,Broad cross-pile profile,30.5000000000002,261.469234390053
2,P02_CROSS,D-D',transverse,Broad cross-pile profile,30.6000000000002,261.469234390053
2,P02_CROSS,D-D',transverse,Broad cross-pile profile,30.7000000000002,261.469234390053
2,P02_CROSS,D-D',transverse,Broad cross-pile profile,30.8000000000002,261.469234390053
2,P02_CROSS,D-D',transverse,Broad cross-pile profile,30.9000000000002,261.469234390053
2,P02_CROSS,D-D',transverse,Broad cross-pile profile,31.0000000000002,261.469234390053
2,P02_CROSS,D-D',transverse,Broad cross-pile profile,31.1000000000002,261.469234390053
2,P02_CROSS,D-D',transverse,Broad cross-pile profile,31.2000000000002,261.469234390053
2,P02_CROSS,D-D',transverse,Broad cross-pile profile,31.3000000000002,261.469234390053
2,P02_CROSS,D-D',transverse,Broad cross-pile profile,31.4000000000002,261.469234390053
2,P02_CROSS,D-D',transverse,Broad cross-pile profile,31.5000000000002,261.469234390053
2,P02_CROSS,D-D',transverse,Broad cross-pile profile,31.6000000000002,261.469234390053
2,P02_CROSS,D-D',transverse,Broad cross-pile profile,31.7000000000002,261.469234390053
2,P02_CROSS,D-D',transverse,Broad cross-pile profile,31.8000000000002,261.469234390053
2,P02_CROSS,D-D',transverse,Broad cross-pile profile,31.9000000000002,261.469234390053
2,P02_CROSS,D-D',transverse,Broad cross-pile profile,32.0000000000002,261.469234390053
2,P02_CROSS,D-D',transverse,Broad cross-pile profile,32.1000000000002,261.469234390053
2,P02_CROSS,D-D',transverse,Broad cross-pile profile,32.2000000000002,261.469234390053
2,P02_CROSS,D-D',transverse,Broad cross-pile profile,32.3000000000002,261.469234390053
2,P02_CROSS,D-D',transverse,Broad cross-pile profile,32.4000000000002,261.469234390053
2,P02_CROSS,D-D',transverse,Broad cross-pile profile,32.5000000000002,261.469234390053
2,P02_CROSS,D-D',transverse,Broad cross-pile profile,32.6000000000002,261.469234390053
2,P02_CROSS,D-D',transverse,Broad cross-pile profile,32.7000000000002,261.469234390053
2,P02_CROSS,D-D',transverse,Broad cross-pile profile,32.8000000000002,261.469234390053
2,P02_CROSS,D-D',transverse,Broad cross-pile profile,32.9000000000002,261.469234390053
2,P02_CROSS,D-D',transverse,Broad cross-pile profile,33.0000000000002,261.469234390053
2,P02_CROSS,D-D',transverse,Broad cross-pile profile,33.1000000000002,261.469234390053
2,P02_CROSS,D-D',transverse,Broad cross-pile profile,33.2000000000002,261.469234390053
2,P02_CROSS,D-D',transverse,Broad cross-pile profile,33.3000000000002,261.469234390053
2,P02_CROSS,D-D',transverse,Broad cross-pile profile,33.4000000000002,261.469234390053
2,P02_CROSS,D-D',transverse,Broad cross-pile profile,33.5000000000002,261.469234390053
2,P02_CROSS,D-D',transverse,Broad cross-pile profile,33.6000000000002,261.469234390053
2,P02_CROSS,D-D',transverse,Broad cross-pile profile,33.7000000000002,261.469234390053
2,P02_CROSS,D-D',transverse,Broad cross-pile profile,33.8000000000002,261.469234390053
2,P02_CROSS,D-D',transverse,Broad cross-pile profile,33.9000000000002,261.469234390053
2,P02_CROSS,D-D',transverse,Broad cross-pile profile,34.0000000000002,261.469234390053
2,P02_CROSS,D-D',transverse,Broad cross-pile profile,34.1000000000002,261.469234390053
2,P02_CROSS,D-D',transverse,Broad cross-pile profile,34.2000000000002,261.469234390053
2,P02_CROSS,D-D',transverse,Broad cross-pile profile,34.3000000000002,261.469234390053
2,P02_CROSS,D-D',transverse,Broad cross-pile profile,34.4000000000002,261.469234390053
2,P02_CROSS,D-D',transverse,Broad cross-pile profile,34.5000000000002,261.469234390053
2,P02_CROSS,D-D',transverse,Broad cross-pile profile,34.6000000000002,261.469234390053
2,P02_CROSS,D-D',transverse,Broad cross-pile profile,34.7000000000002,261.469234390053
2,P02_CROSS,D-D',transverse,Broad cross-pile profile,34.8000000000002,261.469234390053
2,P02_CROSS,D-D',transverse,Broad cross-pile profile,34.9000000000002,261.469234390053
2,P02_CROSS,D-D',transverse,Broad cross-pile profile,35.0000000000002,261.469234390053
2,P02_CROSS,D-D',transverse,Broad cross-pile profile,35.1000000000002,261.469234390053
2,P02_CROSS,D-D',transverse,Broad cross-pile profile,35.2000000000002,261.469234390053
2,P02_CROSS,D-D',transverse,Broad cross-pile profile,35.3000000000002,261.469234390053
2,P02_CROSS,D-D',transverse,Broad cross-pile profile,35.4000000000002,261.469234390053
2,P02_CROSS,D-D',transverse,Broad cross-pile profile,35.5000000000002,261.469234390053
2,P02_CROSS,D-D',transverse,Broad cross-pile profile,35.6000000000002,261.469234390053
2,P02_CROSS,D-D',transverse,Broad cross-pile profile,35.7000000000002,261.469234390053
2,P02_CROSS,D-D',transverse,Broad cross-pile profile,35.8000000000002,261.469234390053
2,P02_CROSS,D-D',transverse,Broad cross-pile profile,35.9000000000002,261.469234390053
2,P02_CROSS,D-D',transverse,Broad cross-pile profile,36.0000000000002,261.469234390053
2,P02_CROSS,D-D',transverse,Broad cross-pile profile,36.1000000000002,261.469234390053
2,P02_CROSS,D-D',transverse,Broad cross-pile profile,36.2000000000002,261.469234390053
2,P02_CROSS,D-D',transverse,Broad cross-pile profile,36.3000000000002,261.469234390053
2,P02_CROSS,D-D',transverse,Broad cross-pile profile,36.4000000000002,261.469234390053
2,P02_CROSS,D-D',transverse,Broad cross-pile profile,36.5000000000002,261.469234390053
2,P02_CROSS,D-D',transverse,Broad cross-pile profile,36.6000000000003,261.469234390053
2,P02_CROSS,D-D',transverse,Broad cross-pile profile,36.7000000000003,261.469234390053
2,P02_CROSS,D-D',transverse,Broad cross-pile profile,36.8000000000003,261.469234390053
2,P02_CROSS,D-D',transverse,Broad cross-pile profile,36.9000000000003,261.469234390053
2,P02_CROSS,D-D',transverse,Broad cross-pile profile,37.0000000000003,261.469234390053
2,P02_CROSS,D-D',transverse,Broad cross-pile profile,37.1000000000003,261.469234390053
2,P02_CROSS,D-D',transverse,Broad cross-pile profile,37.2000000000003,261.469234390053
2,P02_CROSS,D-D',transverse,Broad cross-pile profile,37.3000000000003,261.469234390053
2,P02_CROSS,D-D',transverse,Broad cross-pile profile,37.4000000000003,261.469234390053
2,P02_CROSS,D-D',transverse,Broad cross-pile profile,37.5000000000003,261.469234390053
2,P02_CROSS,D-D',transverse,Broad cross-pile profile,37.6000000000003,261.469234390053
2,P02_CROSS,D-D',transverse,Broad cross-pile profile,37.7000000000003,261.469234390053
2,P02_CROSS,D-D',transverse,Broad cross-pile profile,37.8000000000003,261.469234390053
2,P02_CROSS,D-D',transverse,Broad cross-pile profile,37.9000000000003,261.469234390053
2,P02_CROSS,D-D',transverse,Broad cross-pile profile,38.0000000000003,261.469234390053
2,P02_CROSS,D-D',transverse,Broad cross-pile profile,38.1000000000003,261.469234390053
2,P02_CROSS,D-D',transverse,Broad cross-pile profile,38.2000000000003,261.469234390053
2,P02_CROSS,D-D',transverse,Broad cross-pile profile,38.3000000000003,261.469234390053
2,P02_CROSS,D-D',transverse,Broad cross-pile profile,38.4000000000003,261.469234390053
2,P02_CROSS,D-D',transverse,Broad cross-pile profile,38.5000000000003,261.469234390053
2,P02_CROSS,D-D',transverse,Broad cross-pile profile,38.6000000000003,261.469234390053
2,P02_CROSS,D-D',transverse,Broad cross-pile profile,38.7000000000003,261.469234390053
2,P02_CROSS,D-D',transverse,Broad cross-pile profile,38.8000000000003,261.469234390053
2,P02_CROSS,D-D',transverse,Broad cross-pile profile,38.9000000000003,261.469234390053
2,P02_CROSS,D-D',transverse,Broad cross-pile profile,39.0000000000003,261.469234390053
2,P02_CROSS,D-D',transverse,Broad cross-pile profile,39.1000000000003,261.469234390053
2,P02_CROSS,D-D',transverse,Broad cross-pile profile,39.2000000000003,261.469234390053
2,P02_CROSS,D-D',transverse,Broad cross-pile profile,39.3000000000003,261.469234390053
2,P02_CROSS,D-D',transverse,Broad cross-pile profile,39.4000000000003,261.469234390053
2,P02_CROSS,D-D',transverse,Broad cross-pile profile,39.5000000000003,261.469234390053
2,P02_CROSS,D-D',transverse,Broad cross-pile profile,39.6000000000003,261.469234390053
2,P02_CROSS,D-D',transverse,Broad cross-pile profile,39.7000000000003,261.469234390053
2,P02_CROSS,D-D',transverse,Broad cross-pile profile,39.8000000000003,261.469234390053
2,P02_CROSS,D-D',transverse,Broad cross-pile profile,39.9000000000003,261.469234390053
2,P02_CROSS,D-D',transverse,Broad cross-pile profile,40.0000000000003,261.469234390053
2,P02_CROSS,D-D',transverse,Broad cross-pile profile,40.1000000000003,261.469234390053
2,P02_CROSS,D-D',transverse,Broad cross-pile profile,40.2000000000003,261.469234390053
2,P02_CROSS,D-D',transverse,Broad cross-pile profile,40.3000000000003,261.469234390053
2,P02_CROSS,D-D',transverse,Broad cross-pile profile,40.4000000000003,261.469234390053
2,P02_CROSS,D-D',transverse,Broad cross-pile profile,40.5000000000003,261.469234390053
2,P02_CROSS,D-D',transverse,Broad cross-pile profile,40.6000000000003,261.469234390053
2,P02_CROSS,D-D',transverse,Broad cross-pile profile,40.7000000000003,261.469234390053
2,P02_CROSS,D-D',transverse,Broad cross-pile profile,40.8000000000003,261.469234390053
2,P02_CROSS,D-D',transverse,Broad cross-pile profile,40.9000000000003,261.469234390053
2,P02_CROSS,D-D',transverse,Broad cross-pile profile,41.0000000000003,261.469234390053
2,P02_CROSS,D-D',transverse,Broad cross-pile profile,41.1000000000003,261.469234390053
2,P02_CROSS,D-D',transverse,Broad cross-pile profile,41.2000000000003,261.469234390053
2,P02_CROSS,D-D',transverse,Broad cross-pile profile,41.3000000000003,261.469234390053
2,P02_CROSS,D-D',transverse,Broad cross-pile profile,41.4000000000003,261.469234390053
2,P02_CROSS,D-D',transverse,Broad cross-pile profile,41.5000000000003,261.469234390053
2,P02_CROSS,D-D',transverse,Broad cross-pile profile,41.6000000000003,261.469234390053
2,P02_CROSS,D-D',transverse,Broad cross-pile profile,41.7000000000003,261.469234390053
2,P02_CROSS,D-D',transverse,Broad cross-pile profile,41.8000000000003,261.469234390053
2,P02_CROSS,D-D',transverse,Broad cross-pile profile,41.9000000000003,261.469234390053
2,P02_CROSS,D-D',transverse,Broad cross-pile profile,42.0000000000003,261.469234390053
2,P02_CROSS,D-D',transverse,Broad cross-pile profile,42.1000000000003,261.469234390053
2,P02_CROSS,D-D',transverse,Broad cross-pile profile,42.2000000000003,261.469234390053
2,P02_CROSS,D-D',transverse,Broad cross-pile profile,42.3000000000003,261.469234390053
2,P02_CROSS,D-D',transverse,Broad cross-pile profile,42.4000000000003,261.469234390053
2,P02_CROSS,D-D',transverse,Broad cross-pile profile,42.5000000000003,261.469234390053
2,P02_CROSS,D-D',transverse,Broad cross-pile profile,42.6000000000003,261.469234390053
2,P02_CROSS,D-D',transverse,Broad cross-pile profile,42.7000000000003,261.469234390053
2,P02_CROSS,D-D',transverse,Broad cross-pile profile,42.8000000000003,261.469234390053
2,P02_CROSS,D-D',transverse,Broad cross-pile profile,42.9000000000003,261.469234390053
2,P02_CROSS,D-D',transverse,Broad cross-pile profile,43.0000000000003,261.469234390053
2,P02_CROSS,D-D',transverse,Broad cross-pile profile,43.1000000000003,261.469234390053
2,P02_CROSS,D-D',transverse,Broad cross-pile profile,43.2000000000003,261.469234390053
2,P02_CROSS,D-D',transverse,Broad cross-pile profile,43.3000000000003,261.469234390053
2,P02_CROSS,D-D',transverse,Broad cross-pile profile,43.4000000000003,261.469234390053
2,P02_CROSS,D-D',transverse,Broad cross-pile profile,43.5000000000003,261.469234390053
2,P02_CROSS,D-D',transverse,Broad cross-pile profile,43.6000000000003,261.469234390053
2,P02_CROSS,D-D',transverse,Broad cross-pile profile,43.7000000000004,261.469234390053
2,P02_CROSS,D-D',transverse,Broad cross-pile profile,43.8000000000004,261.469234390053
2,P02_CROSS,D-D',transverse,Broad cross-pile profile,43.9000000000004,261.469234390053
2,P02_CROSS,D-D',transverse,Broad cross-pile profile,44.0000000000004,261.469234390053
2,P02_CROSS,D-D',transverse,Broad cross-pile profile,44.1000000000004,261.469234390053
2,P02_CROSS,D-D',transverse,Broad cross-pile profile,44.2000000000004,261.469234390053
2,P02_CROSS,D-D',transverse,Broad cross-pile profile,44.3000000000004,261.469234390053
2,P02_CROSS,D-D',transverse,Broad cross-pile profile,44.4000000000004,261.469234390053
2,P02_CROSS,D-D',transverse,Broad cross-pile profile,44.5000000000004,261.469234390053
2,P02_CROSS,D-D',transverse,Broad cross-pile profile,44.6000000000004,261.469234390053
2,P02_CROSS,D-D',transverse,Broad cross-pile profile,44.7000000000004,261.469234390053
2,P02_CROSS,D-D',transverse,Broad cross-pile profile,44.8000000000004,261.469234390053
2,P02_CROSS,D-D',transverse,Broad cross-pile profile,44.9000000000004,261.469234390053
2,P02_CROSS,D-D',transverse,Broad cross-pile profile,45.0000000000004,261.469234390053
2,P02_CROSS,D-D',transverse,Broad cross-pile profile,45.1000000000004,261.469234390053
2,P02_CROSS,D-D',transverse,Broad cross-pile profile,45.2000000000004,261.469234390053
2,P02_CROSS,D-D',transverse,Broad cross-pile profile,45.3000000000004,261.469234390053
2,P02_CROSS,D-D',transverse,Broad cross-pile profile,45.4000000000004,261.469234390053
2,P02_CROSS,D-D',transverse,Broad cross-pile profile,45.5000000000004,261.469234390053
2,P02_CROSS,D-D',transverse,Broad cross-pile profile,45.6000000000004,261.469234390053
2,P02_CROSS,D-D',transverse,Broad cross-pile profile,45.7000000000004,261.469234390053
2,P02_CROSS,D-D',transverse,Broad cross-pile profile,45.8000000000004,261.469234390053
2,P02_CROSS,D-D',transverse,Broad cross-pile profile,45.9000000000004,261.469234390053
2,P02_CROSS,D-D',transverse,Broad cross-pile profile,46.0000000000004,261.469234390053
2,P02_CROSS,D-D',transverse,Broad cross-pile profile,46.1000000000004,261.469234390053
2,P02_CROSS,D-D',transverse,Broad cross-pile profile,46.2000000000004,261.469234390053
2,P02_CROSS,D-D',transverse,Broad cross-pile profile,46.3000000000004,261.469234390053
2,P02_CROSS,D-D',transverse,Broad cross-pile profile,46.4000000000004,261.469234390053
2,P02_CROSS,D-D',transverse,Broad cross-pile profile,46.5000000000004,261.469234390053
2,P02_CROSS,D-D',transverse,Broad cross-pile profile,46.6000000000004,261.469234390053
2,P02_CROSS,D-D',transverse,Broad cross-pile profile,46.7000000000004,261.469234390053
2,P02_CROSS,D-D',transverse,Broad cross-pile profile,46.8000000000004,261.469234390053
2,P02_CROSS,D-D',transverse,Broad cross-pile profile,46.9000000000004,261.469234390053
2,P02_CROSS,D-D',transverse,Broad cross-pile profile,47.0000000000004,261.469234390053
2,P02_CROSS,D-D',transverse,Broad cross-pile profile,47.1000000000004,261.469234390053
2,P02_CROSS,D-D',transverse,Broad cross-pile profile,47.2000000000004,261.469234390053
2,P02_CROSS,D-D',transverse,Broad cross-pile profile,47.3000000000004,261.469234390053
2,P02_CROSS,D-D',transverse,Broad cross-pile profile,47.4000000000004,261.469234390053
2,P02_CROSS,D-D',transverse,Broad cross-pile profile,47.5000000000004,261.469234390053
2,P02_CROSS,D-D',transverse,Broad cross-pile profile,47.6000000000004,261.469234390053
2,P02_CROSS,D-D',transverse,Broad cross-pile profile,47.7000000000004,261.469234390053
2,P02_CROSS,D-D',transverse,Broad cross-pile profile,47.8000000000004,261.469234390053
2,P02_CROSS,D-D',transverse,Broad cross-pile profile,47.9000000000004,261.469234390053
2,P02_CROSS,D-D',transverse,Broad cross-pile profile,48.0000000000004,261.469234390053
2,P02_CROSS,D-D',transverse,Broad cross-pile profile,48.1000000000004,261.469234390053
2,P02_CROSS,D-D',transverse,Broad cross-pile profile,48.2000000000004,261.469234390053
2,P02_CROSS,D-D',transverse,Broad cross-pile profile,48.3000000000004,261.469234390053
2,P02_CROSS,D-D',transverse,Broad cross-pile profile,48.4000000000004,261.469234390053
2,P02_CROSS,D-D',transverse,Broad cross-pile profile,48.5000000000004,261.469234390053
2,P02_CROSS,D-D',transverse,Broad cross-pile profile,48.6000000000004,261.469234390053
2,P02_CROSS,D-D',transverse,Broad cross-pile profile,48.7000000000004,261.469234390053
2,P02_CROSS,D-D',transverse,Broad cross-pile profile,48.8000000000004,261.469234390053
2,P02_CROSS,D-D',transverse,Broad cross-pile profile,48.9000000000004,261.469234390053
2,P02_CROSS,D-D',transverse,Broad cross-pile profile,49.0000000000004,261.469234390053
2,P02_CROSS,D-D',transverse,Broad cross-pile profile,49.1000000000004,261.469234390053
2,P02_CROSS,D-D',transverse,Broad cross-pile profile,49.2000000000004,261.469234390053
2,P02_CROSS,D-D',transverse,Broad cross-pile profile,49.3000000000004,261.469234390053
2,P02_CROSS,D-D',transverse,Broad cross-pile profile,49.4000000000004,261.469234390053
2,P02_CROSS,D-D',transverse,Broad cross-pile profile,49.5000000000004,261.469234390053
2,P02_CROSS,D-D',transverse,Broad cross-pile profile,49.6000000000004,261.469234390053
2,P02_CROSS,D-D',transverse,Broad cross-pile profile,49.7000000000004,261.469234390053
2,P02_CROSS,D-D',transverse,Broad cross-pile profile,49.8000000000004,261.469234390053
2,P02_CROSS,D-D',transverse,Broad cross-pile profile,49.9000000000004,261.469234390053
2,P02_CROSS,D-D',transverse,Broad cross-pile profile,50.0000000000004,261.469234390053
2,P02_CROSS,D-D',transverse,Broad cross-pile profile,50.1000000000004,261.469234390053
2,P02_CROSS,D-D',transverse,Broad cross-pile profile,50.2000000000004,261.469234390053
2,P02_CROSS,D-D',transverse,Broad cross-pile profile,50.3000000000004,261.469234390053
2,P02_CROSS,D-D',transverse,Broad cross-pile profile,50.4000000000004,261.469234390053
2,P02_CROSS,D-D',transverse,Broad cross-pile profile,50.5000000000004,261.469234390053
2,P02_CROSS,D-D',transverse,Broad cross-pile profile,50.6000000000004,261.469234390053
2,P02_CROSS,D-D',transverse,Broad cross-pile profile,50.7000000000005,261.469234390053
2,P02_CROSS,D-D',transverse,Broad cross-pile profile,50.8000000000005,261.469234390053
2,P02_CROSS,D-D',transverse,Broad cross-pile profile,50.9000000000005,261.469234390053
2,P02_CROSS,D-D',transverse,Broad cross-pile profile,51.0000000000005,261.469234390053
2,P02_CROSS,D-D',transverse,Broad cross-pile profile,51.1000000000005,261.469234390053
2,P02_CROSS,D-D',transverse,Broad cross-pile profile,51.2000000000005,261.469234390053
2,P02_CROSS,D-D',transverse,Broad cross-pile profile,51.3000000000005,261.469234390053
2,P02_CROSS,D-D',transverse,Broad cross-pile profile,51.4000000000005,261.469234390053
2,P02_CROSS,D-D',transverse,Broad cross-pile profile,51.5000000000005,261.469234390053
2,P02_CROSS,D-D',transverse,Broad cross-pile profile,51.6000000000005,261.469234390053
2,P02_CROSS,D-D',transverse,Broad cross-pile profile,51.7000000000005,261.469234390053
2,P02_CROSS,D-D',transverse,Broad cross-pile profile,51.8000000000005,261.469234390053
2,P02_CROSS,D-D',transverse,Broad cross-pile profile,51.9000000000005,261.469234390053
2,P02_CROSS,D-D',transverse,Broad cross-pile profile,52.0000000000005,261.469234390053
2,P02_CROSS,D-D',transverse,Broad cross-pile profile,52.1000000000005,261.469234390053
2,P02_CROSS,D-D',transverse,Broad cross-pile profile,52.2000000000005,261.469234390053
